job_description,resume
"{'job_title': 'Data Scientist', 'company': 'TechCorp', 'location': 'San Francisco, CA', 'responsibilities': ['Develop and implement data models and algorithms, solid foundation in machine learning, applied stats, and/or experimentation', 'Analyze large datasets to extract actionable insights, applied experience of frameworks like PyTorch, Keras, Tensorflow, ', 'Collaborate with cross-functional teams, Comfortable operating in an SDLC environment and deploying production engineering models and code.'], 'required_skills': ['Python', 'SQL', 'Machine Learning', 'Data Visualization'], 'preferred_skills': ['Deep Learning', 'Big Data Technologies'], 'experience': '3+ years', 'education': ""Bachelor's degree in Computer Science, Statistics, or related field""}","{'contact_information': {'name': 'Jane Doe', 'email': 'jane.doe@example.com', 'phone': '555-1234'}, 'summary': 'Data Scientist with 4+ years of experience in developing and deploying machine learning models. Skilled in Python, SQL, and data visualization.', 'experience': [{'job_title': 'Data Scientist', 'company': 'DataCorp', 'location': 'San Francisco, CA', 'duration': '2019-2023', 'responsibilities': ['Developed predictive models for customer segmentation, time-series forecasting and A/B testing.', 'Improved data pipeline efficiency by 25%, leveraging Pyspark, SQL and DBT', 'Collaborated with product teams to integrate data insights into decision making.', 'Leveraged a broad set of modern technologies such as Python, R, and Spark to analyze, process,and gain insights within large data sets', 'Followed SDLC best practices to be successful in acheving projects on time and pushing them to prodcution with cross-functional colloboratoion', 'Collaborate with other team members, subject matter experts, pods, and delivery teams to deliver strategic advanced analytic based solutions from design to deployment']}, {'job_title': 'Data Analyst', 'company': 'Analytics Inc.', 'location': 'San Jose, CA', 'duration': '2016-2019', 'responsibilities': ['Analyzed sales data to identify market trends and built forecasting models utilizing Jupyter Notebooks', 'Created dashboards to visualize key metrics using Tableau ', 'Automated data collection processes using Python and Airflow', 'Utilized SQL to aggregate data from multiple sources into a centralized repository', 'Contributed to the Data Migration activities from Data Modeling to deploying pipelines in production.']}], 'education': [{'degree': ""Bachelor's degree in Computer Science"", 'institution': 'University of California, Berkeley', 'graduation_year': 2016}], 'skills': ['Python', 'SQL', 'Machine Learning', 'Data Visualization'], 'certifications': ['Certified Data Scientist'], 'projects': [{'name': 'Customer Segmentation', 'description': 'Executed customer segmentation project with AI-driven analytics, refining targeting strategies and increasing campaign relevance, resulting in a 25% uplift in conversion rates and improved customer retention.'}]}"
"{'job_title': 'Machine Learning Engineer', 'company': 'AI Innovations', 'location': 'New York, NY', 'responsibilities': ['Expertise in data modeling and data warehousing. Ideally, deep experience and familiarity with dbt, Snowflake and AWS or similar cloud providers.', 'Proficiency with data orchestration and workflow management tooling (we use Prefect, but prior experience with that tool is not a hard requirement)', 'Implement scalable data pipelines to process large volume of data effecilty using continous and batch processing techniques'], 'required_skills': ['Python', 'TensorFlow', 'PyTorch', 'SQL'], 'preferred_skills': ['Spark', 'Kubernetes'], 'experience': '2+ years', 'education': ""Master's degree in Computer Science, Data Science, or related field""}","{'contact_information': {'name': 'John Smith', 'email': 'john.smith@example.com', 'phone': '555-5678'}, 'summary': 'Machine Learning Engineer with 3+ years of experience in developing and deploying machine learning models. Proficient in Python, TensorFlow, and PyTorch.', 'experience': [{'job_title': 'Machine Learning Engineer', 'company': 'Innovative Solutions', 'location': 'New York, NY', 'duration': '2020-2023', 'responsibilities': ['Built Predicitve models across various usecases like customer segmentation, time-series forecasting and classification.', 'Collaborated with data scientists and business anlaysts to desing and access the data collection and data quality processess,  improved model accuracy by 15%', 'Hands-on expreince in building ETL pipelines using Spark, Kafka, DBT and Airflow', 'Developed strong expertise in MLOps, monitoring, debuggings and CI/CD best practices in production environment']}, {'job_title': 'Data Scientist', 'company': 'DataMasters', 'location': 'Boston, MA', 'duration': '2018-2020', 'responsibilities': ['Developed machine learning models for customer churn prediction, behavioural analytics and segmentation', 'Created data visualizations to communicate insights to stakeholders and downstream teams', 'Developed and maintained data pipelines in SSIS, Azure Synapse analytics to process data from source to destination.', 'Built recommendation systems using Python, Deeplearning using techniques like collaborative filtering and Rank-based systems and similarity based systems', 'Gained expertise in debugging and troubleshooting issues in data pipelines using Kubernets Rancher, developed solid skills in CI/CD']}], 'education': [{'degree': ""Master's degree in Data Science"", 'institution': 'Massachusetts Institute of Technology', 'graduation_year': 2018}], 'skills': ['Python', 'TensorFlow', 'PyTorch', 'SQL', 'Spark', 'Kubernetes'], 'certifications': ['Certified Machine Learning Engineer'], 'projects': [{'name': 'Predictive Analytics', 'description': 'Developed a Convolutinal Neural network to detect parasite in Blood cells. Utilzied libraries like Tensorfloe, Keras, Sci-kit learn, Numpy etc, acheiving accuracy of 98%'}]}"
"{'job_title': 'Data Engineer', 'company': 'DataFlow Inc.', 'location': 'Austin, TX', 'responsibilities': ['DExperience with custom ETL and “reverse ETL” development using, e.g. REST APIs and webhooks', 'Maintain and optimize data architecture and experience as the primary or sole data engineer with full ownership of the data stack', 'Possess qualities like product-minded and analytically curious, eager to explore business and product data'], 'required_skills': ['Python', 'SQL', 'ETL', 'Spark'], 'preferred_skills': ['AWS', 'Kubernetes', 'Docker'], 'experience': '3+ years', 'education': ""Bachelor's degree in Computer Science, Engineering, or related field""}","{'contact_information': {'name': 'Alice Johnson', 'email': 'alice.johnson@example.com', 'phone': '555-6789'}, 'summary': 'Data Engineer with 5+ years of experience in designing and developing data pipelines. Proficient in Python, SQL, and ETL processes.', 'experience': [{'job_title': 'Data Engineer', 'company': 'Tech Solutions', 'location': 'Austin, TX', 'duration': '2018-2023', 'responsibilities': ['Assisted in building and maintaining data pipelines for various data processing tasks.', 'Worked with senior engineers to implement data warehouse solutions and optimize data workflows.', 'Conducted data extraction, transformation, and loading (ETL) processes using SQL and Python.', 'Monitored data pipelines to ensure data quality and integrity, addressing any issues promptly.', 'Collaborated with cross-functional teams to support data-related projects and initiatives.']}, {'job_title': 'Data Analyst', 'company': 'Data Insights', 'location': 'Dallas, TX', 'duration': '2015-2018', 'responsibilities': ['Analyzed business data to provide actionable insights', 'Created and maintained SQL scripts for data extraction', 'Developed data visualization dashboards using Tableau']}], 'education': [{'degree': ""Bachelor's degree in Computer Science"", 'institution': 'University of Texas at Austin', 'graduation_year': 2015}], 'skills': ['Python', 'SQL', 'ETL', 'Spark', 'AWS', 'Kubernetes', 'Docker'], 'certifications': ['Certified Data Engineer'], 'projects': [{'name': 'Real-time Data Pipeline', 'description': 'Developed a real-time data pipeline using Kafka and Spark for processing streaming data.'}]}"
"{'job_title': 'Data Scientist', 'company': 'HorizonTech', 'location': 'Boston, MA', 'responsibilities': ['Collaborate with senior engineers and data scientists to understand project requirements and develop machine learning models and algorithms. ', 'Assist in collecting, preprocessing, and analyzing data to uncover patterns and insights.', 'Contribute to the development and improvement of existing machine learning infrastructure and frameworks.', 'Familiarity with machine learning frameworks and libraries, such as TensorFlow, PyTorch, or scikit-learn.', 'Strong problem-solving skills and the ability to work on multiple projects simultaneously.', 'Experience with data preprocessing, feature engineering, and model evaluation techniques.', 'Collaborate with cross-functional teams to integrate machine learning solutions into production systems. '], 'required_skills': ['Python', 'R', 'Machine Learning', 'SQL'], 'preferred_skills': ['Healthcare Data', 'NLP'], 'experience': '4+ years', 'education': ""Master's degree in Data Science, Statistics, or related field""}","{'contact_information': {'name': 'Sara Lee', 'email': 'sara.lee@example.com', 'phone': '555-2345'}, 'summary': 'Data Scientist with 5+ years of experience in developing predictive models for healthcare. Skilled in Python, R, and machine learning.', 'experience': [{'job_title': 'Senior Data Scientist', 'company': 'MediData', 'location': 'Boston, MA', 'duration': '2019-2023', 'responsibilities': ['Demonstrated familiarity with machine learning frameworks and libraries such as TensorFlow, PyTorch, and scikit-learn. Utilized these tools to build and optimize models, achieving a 25% improvement in model accuracy.', 'Applied strong problem-solving skills to address complex challenges and worked on multiple projects simultaneously, ensuring timely delivery and high-quality results.', 'Collaborated with cross-functional teams to integrate machine learning solutions into production systems. This integration enhanced system capabilities and operational efficiency by 15%.', 'Assisted in collecting, preprocessing, and analyzing data to uncover patterns and insights. These efforts resulted in identifying key trends that improved model performance and decision-making processes.', 'Worked closely with senior engineers and data scientists to understand project requirements and develop machine learning models and algorithms. This collaboration led to the successful deployment of multiple machine learning solutions, enhancing predictive accuracy by 20%.', ' Contributed to the development and improvement of existing machine learning infrastructure and frameworks, increasing the efficiency of model training and deployment by 30%.']}, {'job_title': 'Data Scientist', 'company': 'Health Analytics', 'location': 'Cambridge, MA', 'duration': '2015-2019', 'responsibilities': ['Played a pivotal role in collecting, preprocessing, and analyzing data to uncover significant patterns and insights, contributing to more accurate and reliable models.', ' Enhanced machine learning infrastructure, reducing training and deployment times by 35%, leading to faster project turnaround.', 'Seamlessly integrated machine learning solutions into production environments, enhancing system performance and reducing costs by 20%.', 'Developed efficient data preprocessing pipelines, reducing data preparation time by 30% and improving overall data quality.', 'Successfully collaborated with cross-functional teams, ensuring smooth integration of machine learning models into existing systems and processes.']}], 'education': [{'degree': ""Master's degree in Data Science"", 'institution': 'Harvard University', 'graduation_year': 2015}], 'skills': ['Python', 'R', 'Machine Learning', 'SQL', 'Healthcare Data', 'NLP'], 'certifications': ['Certified Health Data Scientist'], 'projects': [{'name': 'Patient Outcome Prediction', 'description': 'Developed machine learning models to predict patient outcomes based on clinical data.'}]}"
"{'job_title': 'Data Analyst', 'company': 'MarketResearch Co.', 'location': 'Seattle, WA', 'responsibilities': ['Manage various data sets and active Google workbooks with adjacent contract teams, monitor and analyze financial health information at the project and program levels.', 'Communicate with client leadership to assess data needs and emerging requirements.', 'Gather requirements and lead the development of long-term data management tools, processes, and solutions based on organizational needs.', 'Providing general support to the client including, but not limited to, analysis, data calls, financial management, risk management, audits, and project management-related tasks.', 'Develop, maintain, and improve BI tools, build and enhance standard operating procedures (SOPs).', 'Work in close collaboration with the Business Intelligence Lead, Federal Data Lead, and other Program teams.'], 'required_skills': ['Excel', 'SQL', 'Python', 'Tableau', 'Google CLoud'], 'preferred_skills': ['Python', 'SQL', 'Power BI'], 'experience': '1+ years', 'education': ""Bachelor's degree in Marketing, Business, or related field""}","{'contact_information': {'name': 'Tom Adams', 'email': 'tom.adams@example.com', 'phone': '555-3456'}, 'summary': 'Data Analyst with 2+ years of experience in collecting and analyzing market data. Proficient in Excel, SQL, and data visualization tools.', 'experience': [{'job_title': 'Data Analyst', 'company': 'Market Insights', 'location': 'Seattle, WA', 'duration': '2021-2023', 'responsibilities': ['Collected and analyzed market data using Excel and SQL', 'Created interactive dashboards with Tableau to present insights', 'Collaborated with marketing teams to provide data-driven recommendations']}, {'job_title': 'Research Assistant', 'company': 'Biz Research', 'location': 'Portland, OR', 'duration': '2019-2021', 'responsibilities': ['Assisted in collecting and analyzing business data', 'Prepared reports and data summaries for senior analysts', 'Conducted market research using various data sources']}], 'education': [{'degree': ""Bachelor's degree in Business Administration"", 'institution': 'University of Washington', 'graduation_year': 2019}], 'skills': ['Excel', 'SQL', 'Python', 'Tableau', 'R', 'Power BI'], 'certifications': ['Certified Market Research Analyst'], 'projects': [{'name': 'Market Trend Analysis', 'description': 'Analyzed market trends and provided actionable insights to the marketing team.'}]}"
"{'job_title': 'Data Scientist', 'company': 'RetailAnalytics', 'location': 'San Francisco, CA', 'responsibilities': ['5+ years of related experience with 3+ years delivering commercial products based on neural networks.', 'Analyze retail data to identify trends and patterns, translate business problems into deployed production solutions in the AI space.', 'Collaborate with marketing and sales teams and experience with the full stack of training and deploying deep learning models.', 'Work in cross-disciplinary teams to implement AI products that will improve efficiency and decision making and enable cost reductions.', 'Discover insights and identify opportunities through the use of AI and machine learning techniques.', 'Develop standardized data modeling workflows to shorten development cycles.', 'Work with Software Engineers to translate custom modeling tools to executable routines for automation integration.', 'Proficiency in machine learning techniques, computer vision, convolutional neural networks, clustering, generative adversarial networks, feature selection, classification, regression, etc.'], 'required_skills': ['Python', 'R', 'Machine Learning', 'Matlab', 'SQL'], 'preferred_skills': ['Big Data Technologies', 'Data Visualization'], 'experience': '4+ years', 'education': ""Master's degree in Data Science, Statistics, or related field""}","{'contact_information': {'name': 'David Miller', 'email': 'david.miller@example.com', 'phone': '555-1234'}, 'summary': 'Data Scientist with 5+ years of experience in developing predictive models and analyzing retail data. Proficient in Python, R, Matlab and machine learning.', 'experience': [{'job_title': 'Senior Data Scientist', 'company': 'ShopData', 'location': 'San Francisco, CA', 'duration': '2018-2023', 'responsibilities': ['Developed predictive models for customer behavior using machine learning techniques', 'Implemented a computer vision-based quality control system that improved defect detection accuracy by 30%.', 'Analyzed retail data to identify trends and patterns to deploy AI soultions like document Underwriting, Engaging content creation and Improved foot count', 'Collaborated with marketing and sales teams to implement data-driven strategies to improve the revenue.', 'Built Dashboards using Power BI to communicate complex results to stake holders, monitoring KPIs.', 'Spearheaded the development of a predictive maintenance model for manufacturing equipment, which reduced downtime by 25% and maintenance costs by 15%.', 'Successfully transitioned a suite of machine learning models into production, automating data processing and analysis tasks, and increasing operational efficiency by 40%.']}, {'job_title': 'Data Scientist', 'company': 'Retail Insights', 'location': 'Los Angeles, CA', 'duration': '2015-2018', 'responsibilities': ['Worked closely with marketing and sales teams, providing data-driven insights and deploying deep learning models that optimized marketing campaigns, leading to a 15% boost in customer engagement.', 'Experienced with the full lifecycle of training and deploying deep learning models, from data preprocessing to model optimization and deployment. Successfully deployed multiple models into production environments, achieving an average 25% improvement in operational efficiency', 'Utilized advanced AI and machine learning techniques to discover actionable insights and identify new business opportunities, driving a 10% increase in revenue.', 'Applied CNNs for image classification tasks, achieving state-of-the-art performance with an accuracy rate of 95%.', 'Implemented clustering algorithms and generative adversarial networks (GANs) to generate synthetic data, enhancing model training datasets and improving model robustness.', 'Led the development and deployment of AI-driven products that contributed to a 25% increase in annual revenue for the company.']}], 'education': [{'degree': ""Master's degree in Data Science"", 'institution': 'Stanford University', 'graduation_year': 2015}], 'skills': ['Python', 'R', 'Machine Learning', 'SQL', 'Big Data Technologies', 'Data Visualization'], 'certifications': ['Certified Data Scientist'], 'projects': [{'name': 'Customer Behavior Prediction', 'description': 'Developed machine learning models to predict customer behavior and improve marketing strategies.'}]}"
"{'job_title': 'Data Analyst', 'company': 'TechServices', 'location': 'Seattle, WA', 'responsibilities': ['Gather, prepare, and analyze user requirements to create complex marketing reports and advanced Power BI dashboards, ensuring data integrity and security.', 'Collaborate with digital operations, global brand teams, and business unit marketing teams to define data quality and analytics strategies aligned with company goals.', 'Establish data governance policies ensuring compliance with privacy regulations and industry practices.', 'Develop end-user education strategies and provide training and support for marketing teams and stakeholders on tool utilization.', 'Proficiency in SQL, database management systems, and Python for report generation.', 'Familiarity with business intelligence tools, particularly Power BI and Marketing Cloud Intelligence.', 'Experience with Customer Data Platforms (CDPs), particularly Salesforce Data Cloud'], 'required_skills': ['SQL', 'Excel', 'Power BI', 'Python', 'Salesforce', 'R'], 'preferred_skills': ['R', 'Power BI'], 'experience': '2+ years', 'education': ""Bachelor's degree in Business, Statistics, or related field""}","{'contact_information': {'name': 'Michael Johnson', 'email': 'michael.johnson@example.com', 'phone': '555-5678'}, 'summary': 'Data Analyst with 3+ years of experience in analyzing customer data and creating reports. Proficient in SQL, Excel, and Tableau.', 'experience': [{'job_title': 'Data Analyst', 'company': 'Customer Insights', 'location': 'Seattle, WA', 'duration': '2020-2023', 'responsibilities': ['Utilized advanced SQL skills and database management systems to generate accurate and timely reports, reducing report generation time by 15%.', 'Demonstrated expertise in Power BI and Marketing Cloud Intelligence, creating dynamic and interactive dashboards that enhanced data visualization and insight extraction.', 'Gained experience with Customer Data Platforms, particularly Salesforce Data Cloud, to integrate and analyze customer data, leading to a 10% increase in targeted marketing campaign success rates.', ' Established robust data governance policies, ensuring compliance with privacy regulations and industry best practices. These policies reduced data breaches by 30% and enhanced overall data security.', 'Leveraged Python for data analysis and report generation, enabling more sophisticated and automated data workflows, which increased reporting efficiency by 20%.', 'Worked closely with digital operations, global brand teams, and business unit marketing teams to define data quality and analytics strategies aligned with company goals. This collaboration resulted in a 25% increase in campaign effectiveness.']}, {'job_title': 'Junior Data Analyst', 'company': 'Data Solutions', 'location': 'Portland, OR', 'duration': '2018-2020', 'responsibilities': ['Collected and analyzed user requirements to create complex marketing reports and advanced Power BI dashboards. Ensured data integrity and security, resulting in a 25% increase in reporting accuracy and reliability.', 'Partnered with digital operations, global brand teams, and business unit marketing teams to define data quality and analytics strategies aligned with company objectives. This collaboration led to a 30% improvement in campaign performance.', ' Leveraged R for automating data analysis and report generation, resulting in a 25% reduction in manual data processing efforts.', 'Used R for statistical analysis and predictive modeling, providing deeper insights into marketing trends and customer behavior.', ' Created automated reporting solutions that decreased manual effort by 50%, increased reporting speed, and maintained high accuracy.', ' Continuously refined and updated Power BI dashboards to incorporate new data sources and analytical techniques, enhancing the breadth and depth of insights provided.']}], 'education': [{'degree': ""Bachelor's degree in Business Administration"", 'institution': 'University of Washington', 'graduation_year': 2018}], 'skills': ['SQL', 'Excel', 'Tableau', 'Python', 'R', 'Power BI'], 'certifications': ['Certified Data Analyst'], 'projects': [{'name': 'Customer Data Analysis', 'description': 'Analyzed customer data to identify trends and provide actionable insights to the marketing team.'}]}"
"{'job_title': 'Machine Learning Engineer', 'company': 'On-Wheels', 'location': 'Austin, TX', 'responsibilities': ['Build and improve the intelligence behind our logistics simulations and market optimization algorithms.', 'Implement and ship models to predict the demand for commodities at nodes in a logistics network, the availability of supply, estimated arrival times, delays and more', 'Experience in at least one ML framework, such as TensorFlow, Keras, PyTorch, etc.', 'Experience building solutions involving algorithms, optimization, reinforcement learning, artificial neural networks, discrete event simulation and case based reasoning.'], 'required_skills': ['Python', 'SQL', 'ETL Tools', 'AWS', 'Deep- Learning'], 'preferred_skills': ['Spark', 'Airflow', 'Statistics', 'Machine-Learning', 'Advanced degree in a quantitative field'], 'experience': '3+ years', 'education': ""Bachelor's degree in Computer Science, Engineering, or related field""}","{'contact_information': {'name': 'James Taylor', 'email': 'james.taylor@example.com', 'phone': '555-6789'}, 'summary': 'Data Engineer with 4+ years of experience in developing and maintaining data pipelines. Proficient in Python, SQL, and AWS.', 'experience': [{'job_title': 'Data Scientist', 'company': 'DataWorks', 'location': 'Austin, TX', 'duration': '2019-2023', 'responsibilities': ['Developed predective model to ensure the demand meets supply and forecasted sales across regions which generated  2 Million dollars in revenue', 'Preformed data analysis and statistical tests on optimze the inventory, reduced holding-costs by 15%', 'Collaborated with data scientists to refine and enhance the existing ML models, closely monitor them and tweak hyper-parameters accroding to the data.']}, {'job_title': 'Junior Data Engineer', 'company': 'Data Systems', 'location': 'Houston, TX', 'duration': '2016-2019', 'responsibilities': ['Assisted in developing ETL processes, using Spark, Airflow and DBT.', 'Performed data cleaning and transformation tasks to imporove the performace of ETL pipelines', 'Monitored data pipelines to ensure smooth operations and quality data.']}], 'education': [{'degree': ""Bachelor's degree in Computer Science"", 'institution': 'University of Texas', 'graduation_year': 2016}], 'skills': ['Python', 'SQL', 'ETL Tools', 'AWS', 'Spark', 'Airflow'], 'certifications': ['Certified Data Engineer', 'AWS certified Solutions Architect'], 'projects': [{'name': 'Data Pipeline Development', 'description': 'Developed and maintained data pipelines to support various data science projects.'}]}"
"{'job_title': 'Machine Learning Engineer', 'company': 'FinTech Innovations', 'location': 'New York, NY', 'responsibilities': ['4+ years of experience in developing and deploying machine learning models in production environments.', 'Design and implement scalable machine learning algorithms for financial data analysis and risk assessment.', 'Collaborate with data engineers to build and maintain data pipelines that support model training and deployment.', 'Apply advanced statistical methods and machine learning techniques to identify patterns and predict financial outcomes.', 'Develop and optimize models for real-time data processing and decision-making.', 'Ensure model interpretability and maintain documentation of model development processes and results.', 'Conduct A/B testing and model validation to evaluate model performance and robustness.', 'Proficiency in natural language processing, time series analysis, and anomaly detection.'], 'required_skills': ['Python', 'Scala', 'Machine Learning', 'Statistics', 'SQL'], 'preferred_skills': ['Hadoop', 'Spark', 'TensorFlow'], 'experience': '4+ years', 'education': ""Master's degree in Computer Science, Mathematics, or related field""}","{'contact_information': {'name': 'Emma Brown', 'email': 'emma.brown@example.com', 'phone': '555-6789'}, 'summary': 'Machine Learning Engineer with 4+ years of experience in developing and deploying machine learning models for financial data analysis. Proficient in Python, Scala, and machine learning techniques.', 'experience': [{'job_title': 'Machine Learning Engineer', 'company': 'FinancePro', 'location': 'New York, NY', 'duration': '2019-2023', 'responsibilities': ['Developed and deployed machine learning models for financial risk assessment, achieving a 20% improvement in prediction accuracy.', 'Designed and implemented scalable algorithms for processing and analyzing large financial datasets, reducing data processing time by 30%.', 'Collaborated with data engineers to build and maintain robust data pipelines that supported model training and deployment.', 'Applied advanced statistical methods and machine learning techniques to identify patterns and predict financial outcomes, leading to a 15% increase in revenue.', 'Conducted A/B testing and model validation to evaluate model performance, ensuring high accuracy and robustness.', 'Developed and optimized real-time models for financial decision-making, enhancing the speed and accuracy of financial transactions.']}, {'job_title': 'Data Scientist', 'company': 'QuantAnalytics', 'location': 'Boston, MA', 'duration': '2015-2019', 'responsibilities': ['Worked with financial analysts to understand requirements and develop machine learning models for market prediction and analysis.', 'Utilized natural language processing techniques to analyze and extract insights from financial news and reports.', 'Implemented time series analysis and anomaly detection algorithms to identify and predict financial trends.', 'Collaborated with software engineers to integrate machine learning models into production systems, ensuring seamless deployment and operation.', 'Maintained documentation of model development processes, ensuring transparency and reproducibility.', 'Improved model interpretability through detailed analysis and documentation, aiding stakeholders in understanding model outputs.']}], 'education': [{'degree': ""Master's degree in Computer Science"", 'institution': 'Massachusetts Institute of Technology', 'graduation_year': 2015}], 'skills': ['Python', 'Scala', 'Machine Learning', 'Statistics', 'SQL', 'Hadoop', 'Spark', 'TensorFlow'], 'certifications': ['Certified Machine Learning Specialist'], 'projects': [{'name': 'Financial Risk Assessment', 'description': 'Developed machine learning models to assess financial risk and predict market trends, improving decision-making processes.'}]}"
"{'job_title': 'AI Research Scientist', 'company': 'HealthTech Solutions', 'location': 'Boston, MA', 'responsibilities': ['6+ years of experience in AI research and development, with a focus on healthcare applications.', 'Conduct cutting-edge research in artificial intelligence and machine learning to develop innovative solutions for healthcare.', 'Collaborate with medical professionals and data scientists to translate research findings into practical applications.', 'Develop and implement machine learning algorithms for disease prediction, diagnosis, and treatment recommendations.', 'Analyze large and complex healthcare datasets to uncover insights and inform model development.', 'Publish research findings in peer-reviewed journals and present at industry conferences.', 'Work with software engineers to integrate AI solutions into healthcare systems and ensure their scalability and reliability.', 'Proficiency in deep learning, reinforcement learning, and unsupervised learning techniques.'], 'required_skills': ['Python', 'R', 'Deep Learning', 'Reinforcement Learning', 'Unsupervised Learning'], 'preferred_skills': ['Keras', 'PyTorch', 'MATLAB'], 'experience': '6+ years', 'education': 'PhD in Computer Science, Biomedical Engineering, or related field'}","{'contact_information': {'name': 'Olivia Smith', 'email': 'olivia.smith@example.com', 'phone': '555-9876'}, 'summary': 'AI Research Scientist with 6+ years of experience in developing AI solutions for healthcare applications. Proficient in deep learning, reinforcement learning, and unsupervised learning.', 'experience': [{'job_title': 'AI Research Scientist', 'company': 'MedAI', 'location': 'Boston, MA', 'duration': '2018-2023', 'responsibilities': ['Conducted research in artificial intelligence and machine learning to develop innovative healthcare solutions, resulting in several published papers in top-tier journals.', 'Developed machine learning algorithms for disease prediction and diagnosis, improving diagnostic accuracy by 25%.', 'Collaborated with medical professionals to translate research findings into practical applications, enhancing patient care and treatment outcomes.', 'Analyzed large and complex healthcare datasets to uncover insights and inform the development of AI models.', 'Worked with software engineers to integrate AI solutions into healthcare systems, ensuring their scalability and reliability.', ""Published research findings in peer-reviewed journals and presented at industry conferences, contributing to the field's body of knowledge.""]}, {'job_title': 'Machine Learning Researcher', 'company': 'Bioinformatics Lab', 'location': 'Cambridge, MA', 'duration': '2015-2018', 'responsibilities': ['Conducted research on machine learning algorithms for bioinformatics applications, focusing on genomic data analysis.', 'Developed deep learning models for disease prediction, achieving a 20% improvement in prediction accuracy.', 'Utilized reinforcement learning techniques to optimize treatment plans for chronic diseases.', 'Collaborated with interdisciplinary teams to integrate machine learning models into bioinformatics tools and platforms.', 'Published research in top-tier bioinformatics journals and presented findings at international conferences.', 'Mentored junior researchers and provided guidance on machine learning methodologies and best practices.']}], 'education': [{'degree': 'PhD in Computer Science', 'institution': 'Harvard University', 'graduation_year': 2015}], 'skills': ['Python', 'R', 'Deep Learning', 'Reinforcement Learning', 'Unsupervised Learning', 'Keras', 'PyTorch', 'MATLAB'], 'certifications': ['Certified AI Researcher'], 'projects': [{'name': 'Disease Prediction Model', 'description': 'Developed a deep learning model for disease prediction using electronic health records, improving early diagnosis rates.'}]}"
"{'job_title': 'Data Engineer', 'company': 'CloudData Solutions', 'location': 'Austin, TX', 'responsibilities': ['4+ years of experience in data engineering with a focus on cloud-based solutions.', 'Design, build, and maintain scalable data pipelines for ingesting, processing, and analyzing large datasets.', 'Collaborate with data scientists and analysts to understand data needs and provide necessary infrastructure.', 'Optimize and enhance data storage solutions for performance and cost-efficiency.', 'Develop ETL processes using cloud platforms such as AWS, Azure, or Google Cloud.', 'Ensure data integrity, security, and compliance with industry standards and regulations.', 'Implement data governance and best practices for data management.'], 'required_skills': ['Python', 'SQL', 'ETL', 'AWS', 'Azure', 'Google Cloud'], 'preferred_skills': ['Spark', 'Hadoop', 'Data Warehousing'], 'experience': '4+ years', 'education': ""Bachelor's degree in Computer Science, Information Technology, or related field""}","{'contact_information': {'name': 'James Taylor', 'email': 'james.taylor@example.com', 'phone': '555-2345'}, 'summary': 'Data Engineer with 4+ years of experience in designing and maintaining scalable data pipelines using cloud platforms. Proficient in Python, SQL, and ETL processes.', 'experience': [{'job_title': 'Data Engineer', 'company': 'Cloud Analytics', 'location': 'Austin, TX', 'duration': '2019-2023', 'responsibilities': ['Designed and maintained scalable data pipelines using AWS, resulting in a 30% improvement in data processing speed.', 'Developed ETL processes to ingest, process, and analyze large datasets, ensuring data quality and integrity.', 'Collaborated with data scientists and analysts to understand data requirements and provide necessary infrastructure.', 'Optimized data storage solutions for performance and cost-efficiency, reducing storage costs by 20%.', 'Implemented data governance policies and best practices for data management, enhancing data security and compliance.', 'Utilized Spark and Hadoop for big data processing, improving data processing efficiency by 25%.']}, {'job_title': 'Junior Data Engineer', 'company': 'Data Innovations', 'location': 'Dallas, TX', 'duration': '2017-2019', 'responsibilities': ['Assisted in the design and maintenance of data pipelines and ETL processes using Azure.', 'Performed data validation and quality checks to ensure data integrity.', 'Collaborated with cross-functional teams to gather requirements and implement data solutions.', 'Developed and maintained data documentation and best practices for data management.', 'Optimized SQL queries and data storage solutions, improving data retrieval speed by 15%.', 'Implemented data security measures and ensured compliance with industry regulations.']}], 'education': [{'degree': ""Bachelor's degree in Computer Science"", 'institution': 'University of Texas', 'graduation_year': 2017}], 'skills': ['Python', 'SQL', 'ETL', 'AWS', 'Azure', 'Google Cloud', 'Spark', 'Hadoop'], 'certifications': ['Certified Data Engineer'], 'projects': [{'name': 'Scalable Data Pipeline', 'description': 'Designed and implemented a scalable data pipeline using AWS to process and analyze large datasets.'}]}"
"{'job_title': 'AI Engineer', 'company': 'TechAI', 'location': 'San Diego, CA', 'responsibilities': ['5+ years of experience in AI and machine learning development.', 'Design and implement machine learning models and AI solutions for various applications.', 'Collaborate with software engineers to integrate AI models into production systems.', 'Optimize machine learning algorithms for performance and scalability.', 'Conduct research to stay up-to-date with the latest advancements in AI and machine learning.', 'Develop and maintain documentation for AI models and algorithms.', 'Ensure AI solutions comply with ethical standards and regulations.'], 'required_skills': ['Python', 'TensorFlow', 'PyTorch', 'Machine Learning', 'Deep Learning'], 'preferred_skills': ['NLP', 'Computer Vision', 'Reinforcement Learning'], 'experience': '5+ years', 'education': ""Master's degree in Computer Science, Artificial Intelligence, or related field""}","{'contact_information': {'name': 'Sarah White', 'email': 'sarah.white@example.com', 'phone': '555-3456'}, 'summary': 'AI Engineer with 5+ years of experience in designing and implementing machine learning models and AI solutions. Proficient in Python, TensorFlow, and PyTorch.', 'experience': [{'job_title': 'AI Engineer', 'company': 'AI Solutions', 'location': 'San Diego, CA', 'duration': '2018-2023', 'responsibilities': ['Designed and implemented machine learning models for various applications, achieving a 20% improvement in performance.', 'Collaborated with software engineers to integrate AI models into production systems, ensuring seamless deployment.', 'Optimized machine learning algorithms for performance and scalability, reducing computation time by 25%.', 'Conducted research to stay up-to-date with the latest advancements in AI and machine learning, incorporating new techniques into projects.', 'Developed and maintained documentation for AI models and algorithms, ensuring transparency and reproducibility.', 'Ensured AI solutions complied with ethical standards and regulations, enhancing the trustworthiness of the models.']}, {'job_title': 'Machine Learning Engineer', 'company': 'Innovative AI', 'location': 'Los Angeles, CA', 'duration': '2015-2018', 'responsibilities': ['Developed and implemented machine learning models for NLP and computer vision applications.', 'Collaborated with cross-functional teams to integrate AI solutions into production systems.', 'Optimized machine learning algorithms for performance and scalability, improving model accuracy by 15%.', 'Conducted research and experiments to evaluate new machine learning techniques and algorithms.', 'Maintained documentation for AI models and algorithms, ensuring clarity and reproducibility.', 'Ensured AI solutions complied with ethical standards and regulations, promoting responsible AI development.']}], 'education': [{'degree': ""Master's degree in Artificial Intelligence"", 'institution': 'University of California, Los Angeles', 'graduation_year': 2015}], 'skills': ['Python', 'TensorFlow', 'PyTorch', 'Machine Learning', 'Deep Learning', 'NLP', 'Computer Vision', 'Reinforcement Learning'], 'certifications': ['Certified AI Engineer'], 'projects': [{'name': 'AI-Powered Chatbot', 'description': 'Developed an AI-powered chatbot using NLP techniques to enhance customer support services.'}]}"
"{'job_title': 'Senior Machine Learning Engineer', 'company': 'Tech Innovations', 'location': 'San Francisco, CA', 'responsibilities': ['Lead the development and implementation of machine learning models and algorithms for complex business problems.', 'Collaborate closely with cross-functional teams including data scientists, software engineers, and product managers.', 'Optimize model performance and scalability using techniques such as hyperparameter tuning and model ensembling.', 'Design and deploy scalable solutions for data preprocessing, feature engineering, and model training.', 'Stay updated with the latest advancements in machine learning research and technologies.', 'Communicate technical findings and solutions to stakeholders.'], 'required_skills': ['Python', 'Machine Learning', 'Deep Learning', 'TensorFlow', 'PyTorch'], 'preferred_skills': ['Natural Language Processing (NLP)', 'Big Data Technologies', 'Computer Vision'], 'experience': '5+ years', 'education': ""Master's degree in Computer Science, Engineering, or related field""}","{'contact_information': {'name': 'John Smith', 'email': 'john.smith@example.com', 'phone': '555-1234'}, 'summary': 'Senior Machine Learning Engineer with 7+ years of experience in designing and implementing machine learning models. Proficient in Python, TensorFlow, and PyTorch.', 'experience': [{'job_title': 'Senior Machine Learning Engineer', 'company': 'AI Solutions', 'location': 'San Francisco, CA', 'duration': '2016-2023', 'responsibilities': ['Led the development of machine learning models for NLP applications, achieving state-of-the-art accuracy in sentiment analysis.', 'Implemented scalable solutions for real-time data processing and model deployment using TensorFlow and Kubernetes.', 'Collaborated with software engineering teams to integrate machine learning solutions into production environments, ensuring reliability and scalability.', 'Optimized model performance through rigorous experimentation and iterative improvements, resulting in a 40% reduction in prediction latency.', 'Communicated technical concepts and solutions to non-technical stakeholders, facilitating understanding and decision-making.']}, {'job_title': 'Machine Learning Engineer', 'company': 'DataTech', 'location': 'Seattle, WA', 'duration': '2013-2016', 'responsibilities': ['Developed machine learning models for personalized recommendation systems, increasing user engagement by 25%.', 'Built and deployed deep learning models for image classification tasks, achieving 90%+ accuracy in identifying objects.', 'Worked closely with data scientists and product managers to define project requirements and deliver scalable solutions.', 'Utilized Big Data technologies for handling large-scale datasets and optimizing data pipelines for model training.', 'Contributed to the development of data preprocessing pipelines and feature engineering strategies, improving model performance.']}], 'education': [{'degree': ""Master's degree in Computer Science"", 'institution': 'Stanford University', 'graduation_year': 2013}], 'skills': ['Python', 'Machine Learning', 'Deep Learning', 'TensorFlow', 'PyTorch', 'NLP', 'Big Data Technologies', 'Computer Vision'], 'certifications': ['Certified Machine Learning Engineer'], 'projects': [{'name': 'Real-Time Sentiment Analysis', 'description': 'Developed a real-time sentiment analysis model using deep learning techniques.'}]}"
"{'job_title': 'Data Scientist', 'company': 'Analytics Solutions', 'location': 'Chicago, IL', 'responsibilities': ['Apply statistical and machine learning techniques to analyze and interpret complex data sets.', 'Develop predictive models and algorithms to support business decision-making processes.', 'Collaborate with stakeholders to understand data requirements and deliver actionable insights.', 'Utilize programming languages such as Python and R for data manipulation, analysis, and visualization.', 'Communicate findings and recommendations to technical and non-technical audiences.', 'Stay current with advancements in data science and machine learning methodologies.'], 'required_skills': ['Python', 'R', 'Machine Learning', 'Statistical Analysis', 'Data Visualization'], 'preferred_skills': ['SQL', 'Big Data Technologies', 'Natural Language Processing (NLP)'], 'experience': '3+ years', 'education': ""Bachelor's degree in Data Science, Statistics, Computer Science, or related field""}","{'contact_information': {'name': 'Sarah Lee', 'email': 'sarah.lee@example.com', 'phone': '555-5678'}, 'summary': 'Data Scientist with 4+ years of experience in applying statistical and machine learning techniques to derive insights. Proficient in Python, R, and data visualization.', 'experience': [{'job_title': 'Data Scientist', 'company': 'Insight Analytics', 'location': 'Chicago, IL', 'duration': '2019-2023', 'responsibilities': ['Analyzed large datasets using statistical techniques to identify trends and patterns for strategic decision-making.', 'Developed predictive models for forecasting and optimization, resulting in a 15% improvement in accuracy.', 'Collaborated with cross-functional teams to integrate analytical solutions into business processes and decision-making frameworks.', 'Utilized Python and R for data manipulation, analysis, and visualization, enhancing data-driven insights.', 'Communicated complex technical findings to non-technical stakeholders, facilitating understanding and actionable decisions.', 'Stayed updated with advancements in data science methodologies and technologies, implementing best practices for data analysis.']}, {'job_title': 'Junior Data Scientist', 'company': 'Data Insights', 'location': 'New York, NY', 'duration': '2017-2019', 'responsibilities': ['Conducted exploratory data analysis and applied statistical methods to extract meaningful insights from data.', 'Assisted in the development of predictive models using Python and R, supporting business forecasting and planning.', 'Collaborated with stakeholders to understand data requirements and deliver actionable recommendations.', 'Utilized SQL for querying databases and extracting data for analysis and reporting purposes.', 'Participated in data visualization projects using tools such as Tableau to create interactive dashboards for data exploration.', 'Contributed to the development of data science projects and initiatives, gaining hands-on experience in machine learning techniques.']}], 'education': [{'degree': ""Bachelor's degree in Data Science"", 'institution': 'University of Illinois at Urbana-Champaign', 'graduation_year': 2017}], 'skills': ['Python', 'R', 'Machine Learning', 'Statistical Analysis', 'Data Visualization', 'SQL', 'Big Data Technologies', 'NLP'], 'certifications': ['Certified Data Scientist'], 'projects': [{'name': 'Predictive Modeling for Customer Segmentation', 'description': 'Developed predictive models to segment customers based on behavior and demographics.'}]}"
"{'job_title': 'AI Research Scientist', 'company': 'Innovative AI Labs', 'location': 'Seattle, WA', 'responsibilities': ['Conduct research and experimentation to develop new AI algorithms and models.', 'Publish research findings in peer-reviewed journals and present at conferences.', 'Collaborate with academic and industry partners to advance AI technologies.', 'Explore cutting-edge techniques in deep learning, reinforcement learning, and natural language processing.', 'Prototype and implement scalable AI solutions for real-world applications.', 'Stay updated with the latest developments in AI research and contribute to the intellectual property of the organization.'], 'required_skills': ['Machine Learning', 'Deep Learning', 'Python', 'Research Methodologies', 'Algorithm Development'], 'preferred_skills': ['Reinforcement Learning', 'Natural Language Processing (NLP)', 'Big Data Technologies'], 'experience': '5+ years', 'education': 'Ph.D. in Computer Science, Artificial Intelligence, or related field'}","{'contact_information': {'name': 'Daniel Brown', 'email': 'daniel.brown@example.com', 'phone': '555-7890'}, 'summary': 'AI Research Scientist with 6+ years of experience in developing and implementing AI algorithms. Ph.D. in Computer Science with expertise in machine learning and deep learning.', 'experience': [{'job_title': 'AI Research Scientist', 'company': 'AI Innovations', 'location': 'Seattle, WA', 'duration': '2017-2023', 'responsibilities': ['Led research projects to develop novel AI algorithms, resulting in several patents and publications.', 'Collaborated with academic and industry partners to advance AI technologies and explore new research directions.', 'Prototyped and implemented scalable AI solutions using Python and TensorFlow for real-world applications.', 'Published research findings in top-tier conferences and journals, contributing to the field of AI.', 'Mentored junior researchers and interns, fostering a culture of innovation and continuous learning.', 'Stayed abreast of the latest advancements in AI research and incorporated new techniques into research projects.']}, {'job_title': 'Research Scientist', 'company': 'Tech Research Labs', 'location': 'San Francisco, CA', 'duration': '2014-2017', 'responsibilities': ['Conducted research in deep learning and natural language processing, focusing on developing AI models for language understanding.', 'Implemented algorithms and prototypes in Python and PyTorch for experimental evaluation and analysis.', 'Collaborated with interdisciplinary teams to integrate AI solutions into existing products and systems.', 'Contributed to the development of new research initiatives and proposals, securing funding for AI research projects.', 'Presented research findings at conferences and workshops, engaging with the broader AI research community.', 'Published papers in leading journals and conferences, establishing a reputation in the field of AI research.']}], 'education': [{'degree': 'Ph.D. in Computer Science', 'institution': 'University of Washington', 'graduation_year': 2014}], 'skills': ['Machine Learning', 'Deep Learning', 'Python', 'Research Methodologies', 'Algorithm Development', 'Reinforcement Learning', 'NLP', 'Big Data Technologies'], 'certifications': ['Certified AI Research Scientist'], 'projects': [{'name': 'AI Language Understanding', 'description': 'Developed AI models for language understanding using deep learning techniques.'}]}"
"{'job_title': 'Data Engineer', 'company': 'Big Data Solutions', 'location': 'New York, NY', 'responsibilities': ['Design and build scalable data pipelines and ETL processes to support data ingestion, transformation, and storage.', 'Work with large-scale distributed systems and Big Data technologies such as Hadoop, Spark, and Kafka.', 'Collaborate with data scientists and analysts to integrate machine learning models into production data pipelines.', 'Develop and maintain data warehouse solutions for efficient data querying and analysis.', 'Implement data governance and security best practices to ensure data integrity and compliance with regulations.', 'Monitor and optimize data infrastructure performance and reliability.', 'Troubleshoot data-related issues and provide timely resolution.'], 'required_skills': ['Big Data Technologies', 'Hadoop', 'Spark', 'ETL Processes', 'SQL'], 'preferred_skills': ['Kafka', 'Data Modeling', 'Python'], 'experience': '4+ years', 'education': ""Bachelor's degree in Computer Science, Engineering, or related field""}","{'contact_information': {'name': 'Emily Johnson', 'email': 'emily.johnson@example.com', 'phone': '555-2345'}, 'summary': 'Data Engineer with 5+ years of experience in designing and building scalable data pipelines using Big Data technologies. Proficient in Hadoop, Spark, and ETL processes.', 'experience': [{'job_title': 'Data Engineer', 'company': 'Big Data Solutions', 'location': 'New York, NY', 'duration': '2018-2023', 'responsibilities': ['Designed and implemented scalable data pipelines for real-time data ingestion and processing using Apache Kafka and Spark.', 'Developed ETL processes to transform and load data from various sources into data warehouses, improving data accessibility and analysis.', 'Collaborated with data scientists to integrate machine learning models into data pipelines, enabling automated decision-making processes.', 'Implemented data governance policies and security measures to ensure compliance with regulations and data privacy standards.', 'Optimized data infrastructure performance and reliability through continuous monitoring and tuning.', 'Troubleshooted data-related issues and provided timely resolutions, maintaining high data quality and reliability.']}, {'job_title': 'Junior Data Engineer', 'company': 'Data Tech Solutions', 'location': 'San Francisco, CA', 'duration': '2015-2018', 'responsibilities': ['Assisted in designing and building scalable data pipelines for batch and real-time data processing using Hadoop and Spark.', 'Implemented ETL processes to cleanse, transform, and load data into data warehouses for business analysis and reporting.', 'Supported data scientists in integrating machine learning models into data pipelines for predictive analytics and insights generation.', 'Participated in data modeling and schema design activities to optimize data storage and querying efficiency.', 'Contributed to the implementation of data governance frameworks and security measures to protect sensitive data.', 'Performed data quality checks and troubleshooting to ensure accurate and reliable data processing.']}], 'education': [{'degree': ""Bachelor's degree in Computer Science"", 'institution': 'University of California, Berkeley', 'graduation_year': 2015}], 'skills': ['Big Data Technologies', 'Hadoop', 'Spark', 'ETL Processes', 'SQL', 'Kafka', 'Data Modeling', 'Python'], 'certifications': ['Certified Data Engineer'], 'projects': [{'name': 'Real-Time Data Processing Pipeline', 'description': 'Designed and implemented a real-time data processing pipeline using Apache Kafka and Spark.'}]}"
"{'job_title': 'Machine Learning Engineer', 'company': 'AI Solutions Co.', 'location': 'Austin, TX', 'responsibilities': ['Design, develop, and deploy machine learning models and algorithms for various applications.', 'Collaborate with data scientists and domain experts to understand business requirements and data characteristics.', 'Optimize model performance and scalability using techniques such as hyperparameter tuning and model optimization.', 'Build and maintain data pipelines for feature extraction, preprocessing, and model training.', 'Implement monitoring and evaluation frameworks to assess model performance in production environments.', 'Stay updated with the latest advancements in machine learning research and technologies.', 'Communicate technical concepts and solutions to stakeholders.'], 'required_skills': ['Python', 'Machine Learning', 'Deep Learning', 'TensorFlow', 'Scikit-learn'], 'preferred_skills': ['Natural Language Processing (NLP)', 'Computer Vision', 'Big Data Technologies'], 'experience': '3+ years', 'education': ""Master's degree in Computer Science, Engineering, or related field""}","{'contact_information': {'name': 'Alexandra Davis', 'email': 'alexandra.davis@example.com', 'phone': '555-3456'}, 'summary': 'Machine Learning Engineer with 4+ years of experience in developing and deploying machine learning models. Proficient in Python, TensorFlow, and Scikit-learn.', 'experience': [{'job_title': 'Machine Learning Engineer', 'company': 'AI Solutions Co.', 'location': 'Austin, TX', 'duration': '2019-2023', 'responsibilities': ['Developed and deployed machine learning models for real-time applications using TensorFlow and Scikit-learn.', 'Collaborated with data scientists to preprocess and analyze data for model training and evaluation.', 'Optimized model performance through hyperparameter tuning and ensemble techniques, improving accuracy by 20%.', 'Built and maintained data pipelines for feature extraction and preprocessing using Apache Spark and Pandas.', 'Implemented monitoring and evaluation frameworks to track model performance and detect anomalies in production.', 'Communicated technical concepts and solutions to non-technical stakeholders, ensuring alignment with business goals.']}, {'job_title': 'Junior Machine Learning Engineer', 'company': 'Tech Startups', 'location': 'San Francisco, CA', 'duration': '2017-2019', 'responsibilities': ['Assisted in developing and deploying machine learning models for image recognition and natural language processing tasks.', 'Collaborated with senior engineers to preprocess and analyze data using Python libraries such as NumPy and Pandas.', 'Supported model optimization and performance evaluation using TensorFlow and Scikit-learn, achieving competitive accuracy.', 'Contributed to the development of data pipelines for feature extraction and preprocessing, enhancing model training efficiency.', 'Participated in cross-functional teams to integrate machine learning solutions into production systems, ensuring scalability and reliability.', 'Gained hands-on experience with Big Data technologies for handling large-scale datasets and optimizing data workflows.']}], 'education': [{'degree': ""Master's degree in Computer Science"", 'institution': 'University of Texas at Austin', 'graduation_year': 2017}], 'skills': ['Python', 'Machine Learning', 'Deep Learning', 'TensorFlow', 'Scikit-learn', 'NLP', 'Computer Vision', 'Big Data Technologies'], 'certifications': ['Certified Machine Learning Engineer'], 'projects': [{'name': 'Real-Time Image Recognition', 'description': 'Developed a real-time image recognition system using deep learning techniques.'}]}"
"{'job_title': 'AI Research Scientist', 'company': 'Innovative AI Labs', 'location': 'Boston, MA', 'responsibilities': ['Conduct cutting-edge research in AI, focusing on reinforcement learning and autonomous systems.', 'Develop novel algorithms and models for solving complex AI problems, leveraging TensorFlow and PyTorch.', 'Collaborate with interdisciplinary teams to integrate AI solutions into practical applications.', 'Publish research findings in top-tier conferences and journals, contributing to advancements in AI.', 'Mentor junior researchers and interns, fostering a culture of innovation and learning.', 'Stay updated with the latest advancements in AI research and incorporate new techniques into projects.'], 'required_skills': ['Python', 'TensorFlow', 'PyTorch', 'Reinforcement Learning', 'Algorithm Development'], 'preferred_skills': ['Autonomous Systems', 'Natural Language Processing (NLP)', 'Computer Vision'], 'experience': '5+ years', 'education': 'Ph.D. in Computer Science or related field'}","{'contact_information': {'name': 'Jennifer Lee', 'email': 'jennifer.lee@example.com', 'phone': '555-4567'}, 'summary': 'AI Research Scientist with extensive experience in developing cutting-edge AI algorithms. Expertise in Python, TensorFlow, and PyTorch.', 'experience': [{'job_title': 'Senior AI Research Scientist', 'company': 'Innovative AI Labs', 'location': 'Boston, MA', 'duration': '2017-2023', 'responsibilities': ['Led research projects in reinforcement learning and autonomous systems, resulting in several publications in top conferences.', 'Developed state-of-the-art AI models using TensorFlow and PyTorch, achieving significant improvements in performance metrics.', 'Collaborated with cross-functional teams to integrate AI solutions into autonomous vehicles and robotics platforms.', 'Mentored junior researchers, providing guidance on research methodologies and algorithm development.', 'Presented research findings at international conferences, engaging with the global AI research community.']}, {'job_title': 'AI Research Scientist', 'company': 'Advanced AI Technologies', 'location': 'San Francisco, CA', 'duration': '2013-2017', 'responsibilities': ['Conducted research in natural language processing (NLP) and computer vision, focusing on deep learning techniques.', 'Implemented algorithms and prototypes in Python, TensorFlow, and PyTorch for experimental analysis and evaluation.', 'Collaborated with teams to apply AI solutions to healthcare and finance sectors, improving operational efficiency.', 'Published papers in renowned AI journals, establishing a reputation in NLP and computer vision research.', 'Contributed to the development of grant proposals and secured funding for AI research initiatives.']}], 'education': [{'degree': 'Ph.D. in Computer Science', 'institution': 'Massachusetts Institute of Technology (MIT)', 'graduation_year': 2013}], 'skills': ['Python', 'TensorFlow', 'PyTorch', 'Reinforcement Learning', 'NLP', 'Computer Vision', 'Algorithm Development'], 'certifications': ['Certified AI Research Scientist'], 'projects': [{'name': 'Autonomous Driving AI', 'description': 'Developed AI algorithms for autonomous driving systems using reinforcement learning techniques.'}]}"
"{'job_title': 'Data Scientist', 'company': 'Tech Solutions Inc.', 'location': 'Chicago, IL', 'responsibilities': ['Analyze large datasets to extract actionable insights and patterns using statistical and machine learning techniques.', 'Develop predictive models and algorithms to support business decisions and improve operational efficiency.', 'Collaborate with cross-functional teams to understand business requirements and translate them into analytical solutions.', 'Utilize Python, R, and SQL for data manipulation, analysis, and visualization.', 'Communicate findings and recommendations to stakeholders through reports and presentations.', 'Stay updated with advancements in data science and implement new methodologies and technologies as appropriate.'], 'required_skills': ['Python', 'R', 'SQL', 'Machine Learning', 'Statistical Analysis'], 'preferred_skills': ['Big Data Technologies', 'Data Visualization', 'Natural Language Processing (NLP)'], 'experience': '3+ years', 'education': ""Master's degree in Data Science, Statistics, or related field""}","{'contact_information': {'name': 'John Smith', 'email': 'john.smith@example.com', 'phone': '555-5678'}, 'summary': 'Data Scientist with expertise in analyzing large datasets and developing predictive models. Proficient in Python, R, and SQL.', 'experience': [{'job_title': 'Data Scientist', 'company': 'Tech Solutions Inc.', 'location': 'Chicago, IL', 'duration': '2018-2023', 'responsibilities': ['Analyzed customer data to identify trends and patterns, providing insights that contributed to a 20% increase in customer retention.', 'Developed predictive models using machine learning techniques, improving forecast accuracy by 15%.', 'Collaborated with marketing teams to optimize campaign strategies based on data-driven insights.', 'Utilized Big Data technologies for processing and analyzing large datasets, improving data handling efficiency by 30%.', 'Presented analytical findings to executives and stakeholders, facilitating data-driven decision-making processes.', 'Implemented NLP techniques to analyze customer feedback, enhancing product development initiatives.']}, {'job_title': 'Junior Data Scientist', 'company': 'Data Analytics Co.', 'location': 'New York, NY', 'duration': '2016-2018', 'responsibilities': ['Assisted in analyzing market trends and customer behavior using statistical and machine learning methods.', 'Developed data visualization dashboards to present analytical results to internal teams and clients.', 'Contributed to the development of machine learning models for predictive analytics and recommendation systems.', 'Used SQL for data querying and manipulation, ensuring data integrity and accuracy.', 'Supported senior data scientists in exploring new methodologies and technologies for data analysis.', 'Participated in cross-functional projects to integrate data science solutions into business operations.']}], 'education': [{'degree': ""Master's degree in Data Science"", 'institution': 'University of Chicago', 'graduation_year': 2016}], 'skills': ['Python', 'R', 'SQL', 'Machine Learning', 'Big Data Technologies', 'Data Visualization', 'NLP'], 'certifications': ['Certified Data Scientist'], 'projects': [{'name': 'Customer Segmentation Analysis', 'description': 'Conducted customer segmentation analysis using machine learning techniques to improve marketing strategies.'}]}"
"{'job_title': 'Machine Learning Engineer', 'company': 'Tech Innovations', 'location': 'Seattle, WA', 'responsibilities': ['Design, develop, and deploy machine learning models and algorithms for scalable applications.', 'Collaborate with data engineers to build robust data pipelines for model training and inference.', 'Optimize model performance and scalability using techniques such as hyperparameter tuning and model optimization.', 'Implement monitoring and logging systems to track model performance and detect anomalies.', 'Work with cross-functional teams to integrate machine learning solutions into production systems.', 'Stay updated with the latest advancements in machine learning and AI technologies.'], 'required_skills': ['Python', 'Machine Learning', 'Deep Learning', 'TensorFlow', 'Scikit-learn'], 'preferred_skills': ['Natural Language Processing (NLP)', 'Computer Vision', 'Big Data Technologies'], 'experience': '4+ years', 'education': ""Bachelor's degree in Computer Science, Engineering, or related field""}","{'contact_information': {'name': 'Sarah Johnson', 'email': 'sarah.johnson@example.com', 'phone': '555-6789'}, 'summary': 'Machine Learning Engineer with 5+ years of experience in developing and deploying machine learning models. Proficient in Python, TensorFlow, and Scikit-learn.', 'experience': [{'job_title': 'Machine Learning Engineer', 'company': 'Tech Innovations', 'location': 'Seattle, WA', 'duration': '2018-2023', 'responsibilities': ['Designed and deployed machine learning models for real-time applications using TensorFlow and Scikit-learn.', 'Collaborated with data engineers to optimize data pipelines for efficient model training and inference.', 'Optimized model performance through hyperparameter tuning and ensemble techniques, achieving 90% accuracy on predictive models.', 'Implemented monitoring and logging systems to track model performance and detect anomalies in production environments.', 'Integrated machine learning solutions into production systems, ensuring scalability and reliability.', 'Led initiatives to explore and adopt new machine learning technologies, improving team efficiency and model accuracy.']}, {'job_title': 'Junior Machine Learning Engineer', 'company': 'Tech Solutions Co.', 'location': 'San Francisco, CA', 'duration': '2016-2018', 'responsibilities': ['Assisted in developing and deploying machine learning models for data-driven applications.', 'Worked with senior engineers to optimize model performance and scalability.', 'Implemented NLP techniques for text classification and sentiment analysis tasks.', 'Utilized TensorFlow and Keras for developing deep learning models for computer vision applications.', 'Supported cross-functional teams in integrating machine learning solutions into business processes.', 'Participated in training sessions and workshops to enhance skills in machine learning and AI technologies.']}], 'education': [{'degree': ""Bachelor's degree in Computer Science"", 'institution': 'University of Washington', 'graduation_year': 2016}], 'skills': ['Python', 'Machine Learning', 'Deep Learning', 'TensorFlow', 'Scikit-learn', 'NLP', 'Computer Vision', 'Big Data Technologies'], 'certifications': ['Certified Machine Learning Engineer'], 'projects': [{'name': 'Real-time Predictive Maintenance', 'description': 'Developed a predictive maintenance model using machine learning for real-time equipment monitoring.'}]}"
"{'job_title': 'Data Engineer', 'company': 'Tech Solutions Group', 'location': 'New York, NY', 'responsibilities': ['Design and implement scalable data pipelines and ETL processes for data ingestion, transformation, and storage.', 'Develop data architectures and infrastructure to support data-driven applications and analytics.', 'Collaborate with data scientists and analysts to understand data requirements and optimize data workflows.', 'Implement data quality and governance frameworks to ensure data accuracy, reliability, and security.', 'Utilize cloud platforms (AWS, GCP, Azure) for deploying and managing data pipelines and infrastructure.', 'Monitor and troubleshoot data pipelines to ensure uptime, performance, and reliability.'], 'required_skills': ['ETL', 'SQL', 'Python', 'Big Data Technologies', 'Data Warehousing'], 'preferred_skills': ['Apache Spark', 'Hadoop', 'Data Streaming Technologies'], 'experience': '4+ years', 'education': ""Bachelor's degree in Computer Science, Engineering, or related field""}","{'contact_information': {'name': 'Emily Davis', 'email': 'emily.davis@example.com', 'phone': '555-7890'}, 'summary': 'Data Engineer with experience in designing and implementing scalable data pipelines and ETL processes. Proficient in ETL, SQL, and Python.', 'experience': [{'job_title': 'Data Engineer', 'company': 'Tech Solutions Group', 'location': 'New York, NY', 'duration': '2018-2023', 'responsibilities': ['Designed and implemented ETL processes for large-scale data ingestion and transformation using Apache Spark and Python.', 'Developed data architectures and data models to optimize data storage and retrieval.', 'Collaborated with data scientists to integrate machine learning models into data pipelines for real-time analytics.', 'Implemented data quality checks and governance policies to ensure data accuracy and compliance with regulatory standards.', 'Deployed and managed data pipelines on AWS, ensuring scalability and reliability for data-driven applications.', 'Monitored and optimized data pipelines to improve performance and efficiency, reducing latency by 20%.']}, {'job_title': 'Junior Data Engineer', 'company': 'Data Tech Solutions', 'location': 'San Francisco, CA', 'duration': '2016-2018', 'responsibilities': ['Assisted in designing and implementing data pipelines and ETL processes using SQL and Python.', 'Supported data analysts in optimizing data workflows and improving data quality.', 'Deployed data warehousing solutions to store and manage structured and unstructured data.', 'Utilized Hadoop for distributed data processing and storage, improving scalability and performance.', 'Developed data streaming applications for real-time data processing and analytics.', 'Participated in training programs to enhance skills in Big Data technologies and data engineering.']}], 'education': [{'degree': ""Bachelor's degree in Computer Science"", 'institution': 'University of California, Berkeley', 'graduation_year': 2016}], 'skills': ['ETL', 'SQL', 'Python', 'Big Data Technologies', 'Apache Spark', 'Hadoop', 'Data Streaming Technologies'], 'certifications': ['Certified Data Engineer'], 'projects': [{'name': 'Real-time Data Processing', 'description': 'Developed a real-time data processing pipeline using Apache Spark and Kafka for streaming analytics.'}]}"
"{'job_title': 'AI Product Manager', 'company': 'Tech Innovations Ltd.', 'location': 'San Jose, CA', 'responsibilities': ['Define and drive the AI product roadmap and strategy, aligning with business goals and market trends.', 'Collaborate with engineering teams to prioritize features and enhancements based on customer feedback and market research.', 'Gather and analyze user feedback and data to make informed decisions on product improvements and optimizations.', 'Work closely with UX/UI designers to create intuitive and user-friendly AI product interfaces.', 'Manage cross-functional teams to ensure successful product launches and updates, adhering to timelines and quality standards.', 'Stay updated with AI and ML advancements, competitive landscape, and industry trends to identify new opportunities.'], 'required_skills': ['Product Management', 'AI and Machine Learning', 'Market Research', 'User Experience (UX/UI)', 'Agile Methodologies'], 'preferred_skills': ['Software Development', 'Project Management', 'Data Analytics'], 'experience': '5+ years', 'education': ""Bachelor's degree in Computer Science, Engineering, Business, or related field""}","{'contact_information': {'name': 'Mark Thompson', 'email': 'mark.thompson@example.com', 'phone': '555-8901'}, 'summary': 'AI Product Manager with extensive experience in driving AI product strategy and managing cross-functional teams. Skilled in Agile methodologies and user experience design.', 'experience': [{'job_title': 'AI Product Manager', 'company': 'Tech Innovations Ltd.', 'location': 'San Jose, CA', 'duration': '2017-2023', 'responsibilities': ['Defined and executed the AI product roadmap, leading to a 30% increase in product adoption and customer satisfaction.', 'Collaborated with engineering teams to prioritize AI product features, resulting in a 25% reduction in time-to-market for new releases.', 'Analyzed user feedback and market data to guide product improvements, resulting in a 20% increase in user engagement.', 'Led cross-functional teams in successful product launches and updates, ensuring alignment with business goals and customer needs.', 'Managed the integration of AI and ML capabilities into existing product lines, driving innovation and competitive advantage.', 'Monitored AI and ML advancements and industry trends, identifying new opportunities for product enhancement and market expansion.']}, {'job_title': 'Product Manager', 'company': 'Innovative Tech Solutions', 'location': 'Palo Alto, CA', 'duration': '2013-2017', 'responsibilities': ['Managed the development and launch of software products, ensuring alignment with customer requirements and market demands.', 'Implemented Agile methodologies to streamline product development processes, improving team collaboration and productivity.', 'Conducted market research and competitive analysis to identify market opportunities and inform product strategy.', 'Worked closely with engineering and design teams to define product features and user experience, enhancing product usability and customer satisfaction.', 'Collaborated with marketing and sales teams to develop go-to-market strategies and promotional campaigns for new product launches.', 'Achieved 40% revenue growth through strategic product positioning and effective market penetration strategies.']}], 'education': [{'degree': ""Bachelor's degree in Business Administration"", 'institution': 'University of California, Berkeley', 'graduation_year': 2013}], 'skills': ['Product Management', 'AI and Machine Learning', 'Market Research', 'User Experience (UX/UI)', 'Agile Methodologies', 'Software Development', 'Project Management', 'Data Analytics'], 'certifications': ['Certified Product Manager'], 'projects': [{'name': 'AI-driven Product Enhancement', 'description': 'Led the enhancement of existing products with AI capabilities, resulting in increased user engagement and customer satisfaction.'}]}"
"{'job_title': 'Data Scientist', 'company': 'FinanceTech Inc.', 'location': 'New York, NY', 'responsibilities': ['Develop predictive models to enhance financial forecasting and risk assessment.', 'Analyze large datasets to identify patterns and insights that inform investment strategies.', 'Collaborate with financial analysts and engineers to deploy machine learning solutions.', 'Create and maintain dashboards for monitoring key financial metrics.', 'Utilize Python, R, and SQL for data analysis and model development.', 'Communicate complex analytical findings to stakeholders in a clear and concise manner.'], 'required_skills': ['Python', 'R', 'SQL', 'Machine Learning', 'Data Visualization'], 'preferred_skills': ['Financial Analysis', 'Big Data Technologies'], 'experience': '4+ years', 'education': ""Master's degree in Data Science, Finance, or related field""}","{'contact_information': {'name': 'Sarah Johnson', 'email': 'sarah.johnson@example.com', 'phone': '555-2345'}, 'summary': 'Data Scientist with 5+ years of experience in financial analysis and predictive modeling. Proficient in Python, R, SQL, and machine learning.', 'experience': [{'job_title': 'Senior Data Scientist', 'company': 'FinanceTech Inc.', 'location': 'New York, NY', 'duration': '2019-2023', 'responsibilities': ['Developed predictive models for financial forecasting, improving accuracy by 20%.', 'Analyzed large datasets to identify trends and inform investment strategies, leading to a 15% increase in ROI.', 'Collaborated with financial analysts to deploy machine learning solutions, enhancing risk assessment processes.', 'Created and maintained dashboards for monitoring financial metrics, improving decision-making speed by 30%.', 'Utilized Python, R, and SQL for data analysis and model development, ensuring high performance and reliability.', 'Communicated complex analytical findings to stakeholders, leading to more informed strategic decisions.']}, {'job_title': 'Data Scientist', 'company': 'Banking Solutions Ltd.', 'location': 'Boston, MA', 'duration': '2015-2019', 'responsibilities': ['Developed machine learning models to predict customer churn, reducing churn rates by 10%.', 'Conducted data analysis to identify customer behavior patterns and improve marketing strategies.', 'Collaborated with cross-functional teams to integrate data-driven solutions into banking operations.', 'Utilized SQL and Python for data extraction, transformation, and analysis, ensuring data accuracy.', 'Presented analytical findings to stakeholders, improving customer retention and satisfaction.']}], 'education': [{'degree': ""Master's degree in Data Science"", 'institution': 'New York University', 'graduation_year': 2015}], 'skills': ['Python', 'R', 'SQL', 'Machine Learning', 'Data Visualization', 'Financial Analysis'], 'certifications': ['Certified Financial Data Scientist'], 'projects': [{'name': 'Predictive Financial Modeling', 'description': 'Developed predictive models to enhance financial forecasting and risk assessment.'}]}"
"{'job_title': 'Machine Learning Engineer', 'company': 'HealthTech Innovations', 'location': 'San Francisco, CA', 'responsibilities': ['Develop and deploy machine learning models for healthcare applications.', 'Collaborate with data scientists and software engineers to implement scalable ML solutions.', 'Optimize model performance and ensure integration with existing systems.', 'Conduct data preprocessing and feature engineering for model development.', 'Use TensorFlow and PyTorch for building deep learning models.', 'Monitor model performance and retrain models as necessary.'], 'required_skills': ['Python', 'TensorFlow', 'PyTorch', 'Machine Learning', 'Deep Learning'], 'preferred_skills': ['Healthcare Data', 'Big Data Technologies'], 'experience': '3+ years', 'education': ""Bachelor's degree in Computer Science, Engineering, or related field""}","{'contact_information': {'name': 'James Lee', 'email': 'james.lee@example.com', 'phone': '555-3456'}, 'summary': 'Machine Learning Engineer with 4+ years of experience in developing and deploying ML models for healthcare applications. Proficient in Python, TensorFlow, and PyTorch.', 'experience': [{'job_title': 'Machine Learning Engineer', 'company': 'HealthTech Innovations', 'location': 'San Francisco, CA', 'duration': '2020-2023', 'responsibilities': ['Developed and deployed machine learning models for predicting patient outcomes, improving accuracy by 15%.', 'Collaborated with data scientists to implement scalable ML solutions, enhancing system performance.', 'Optimized model performance and integrated models with existing healthcare systems.', 'Conducted data preprocessing and feature engineering for model development, improving data quality.', 'Used TensorFlow and PyTorch for building deep learning models, achieving state-of-the-art performance.', 'Monitored model performance and retrained models as necessary, maintaining high accuracy and reliability.']}, {'job_title': 'Junior Machine Learning Engineer', 'company': 'MedTech Solutions', 'location': 'Los Angeles, CA', 'duration': '2018-2020', 'responsibilities': ['Assisted in developing machine learning models for medical image analysis, improving diagnostic accuracy by 20%.', 'Collaborated with cross-functional teams to integrate ML solutions into medical software applications.', 'Conducted data preprocessing and feature engineering to enhance model performance.', 'Utilized TensorFlow and PyTorch for developing deep learning models, achieving high accuracy rates.', 'Supported senior engineers in optimizing model performance and scalability.']}], 'education': [{'degree': ""Bachelor's degree in Computer Science"", 'institution': 'University of California, Berkeley', 'graduation_year': 2018}], 'skills': ['Python', 'TensorFlow', 'PyTorch', 'Machine Learning', 'Deep Learning', 'Healthcare Data'], 'certifications': ['Certified Machine Learning Engineer'], 'projects': [{'name': 'Patient Outcome Prediction', 'description': 'Developed machine learning models to predict patient outcomes, improving healthcare decision-making.'}]}"
"{'job_title': 'AI Research Scientist', 'company': 'TechAI Labs', 'location': 'Boston, MA', 'responsibilities': ['Conduct research in artificial intelligence and machine learning to develop innovative solutions.', 'Collaborate with academic institutions and research organizations on AI projects.', 'Publish research findings in top-tier AI conferences and journals.', 'Develop prototypes and proof-of-concept models to demonstrate research outcomes.', 'Work with cross-functional teams to transition research into practical applications.', 'Stay updated with the latest advancements in AI and ML technologies.'], 'required_skills': ['Machine Learning', 'Deep Learning', 'Python', 'Research', 'Data Analysis'], 'preferred_skills': ['NLP', 'Computer Vision', 'Big Data Technologies'], 'experience': '5+ years', 'education': 'Ph.D. in Computer Science, AI, or related field'}","{'contact_information': {'name': 'Emily Zhang', 'email': 'emily.zhang@example.com', 'phone': '555-4567'}, 'summary': 'AI Research Scientist with 6+ years of experience in conducting cutting-edge research in artificial intelligence and machine learning. Proficient in Python, deep learning, and data analysis.', 'experience': [{'job_title': 'AI Research Scientist', 'company': 'TechAI Labs', 'location': 'Boston, MA', 'duration': '2018-2023', 'responsibilities': ['Conducted research in AI and machine learning, leading to 10+ publications in top-tier conferences and journals.', 'Collaborated with academic institutions on AI projects, advancing the state-of-the-art in machine learning.', 'Developed prototypes and proof-of-concept models to demonstrate research outcomes.', 'Worked with cross-functional teams to transition research into practical applications, enhancing product innovation.', 'Stayed updated with the latest advancements in AI and ML technologies, driving continuous improvement.']}, {'job_title': 'Postdoctoral Researcher', 'company': 'MIT AI Lab', 'location': 'Cambridge, MA', 'duration': '2015-2018', 'responsibilities': ['Conducted research in natural language processing (NLP) and computer vision, leading to significant advancements.', 'Collaborated with industry partners on AI projects, translating research into real-world applications.', 'Published research findings in leading AI journals and conferences, contributing to the scientific community.', 'Developed and tested machine learning models for various applications, achieving state-of-the-art results.', 'Participated in academic conferences and workshops, presenting research findings and networking with peers.']}], 'education': [{'degree': 'Ph.D. in Computer Science', 'institution': 'Massachusetts Institute of Technology', 'graduation_year': 2015}], 'skills': ['Machine Learning', 'Deep Learning', 'Python', 'Research', 'Data Analysis', 'NLP', 'Computer Vision'], 'certifications': ['Certified AI Research Scientist'], 'projects': [{'name': 'AI for Healthcare', 'description': 'Developed AI models for predictive analytics in healthcare, improving patient outcomes.'}]}"
"{'job_title': 'Data Engineer', 'company': 'E-Commerce Giants', 'location': 'Seattle, WA', 'responsibilities': ['Design, build, and maintain data pipelines for processing large-scale datasets.', 'Collaborate with data scientists to support machine learning model deployment.', 'Implement data warehouse solutions using cloud platforms like AWS and Azure.', 'Optimize data workflows and ensure data quality and integrity.', 'Use SQL and Python for data extraction, transformation, and loading (ETL) processes.', 'Monitor and troubleshoot data pipelines to ensure seamless data flow.'], 'required_skills': ['SQL', 'Python', 'ETL', 'Data Warehousing', 'Cloud Platforms'], 'preferred_skills': ['Big Data Technologies', 'Data Visualization'], 'experience': '3+ years', 'education': ""Bachelor's degree in Computer Science, Engineering, or related field""}","{'contact_information': {'name': 'Michael Brown', 'email': 'michael.brown@example.com', 'phone': '555-5678'}, 'summary': 'Data Engineer with 4+ years of experience in building and maintaining data pipelines for large-scale datasets. Proficient in SQL, Python, ETL, and data warehousing.', 'experience': [{'job_title': 'Data Engineer', 'company': 'E-Commerce Giants', 'location': 'Seattle, WA', 'duration': '2020-2023', 'responsibilities': ['Designed and maintained data pipelines for processing large-scale datasets, improving data flow efficiency by 25%.', 'Collaborated with data scientists to support machine learning model deployment, ensuring seamless integration.', 'Implemented data warehouse solutions using AWS and Azure, enhancing data storage and retrieval capabilities.', 'Optimized data workflows and ensured data quality and integrity, reducing data processing errors by 30%.', 'Used SQL and Python for ETL processes, streamlining data extraction, transformation, and loading.', 'Monitored and troubleshooted data pipelines, ensuring continuous and reliable data flow.']}, {'job_title': 'Junior Data Engineer', 'company': 'Tech Solutions Co.', 'location': 'San Francisco, CA', 'duration': '2017-2020', 'responsibilities': ['Assisted in building and maintaining data pipelines for various data processing tasks.', 'Worked with senior engineers to implement data warehouse solutions and optimize data workflows.', 'Conducted data extraction, transformation, and loading (ETL) processes using SQL and Python.', 'Monitored data pipelines to ensure data quality and integrity, addressing any issues promptly.', 'Collaborated with cross-functional teams to support data-related projects and initiatives.']}], 'education': [{'degree': ""Bachelor's degree in Computer Science"", 'institution': 'University of Washington', 'graduation_year': 2017}], 'skills': ['SQL', 'Python', 'ETL', 'Data Warehousing', 'Cloud Platforms', 'Big Data Technologies', 'Data Visualization'], 'certifications': ['Certified Data Engineer'], 'projects': [{'name': 'E-Commerce Data Pipeline', 'description': 'Designed and maintained data pipelines for processing large-scale e-commerce datasets, improving data flow efficiency.'}]}"
"{'job_title': 'AI Product Manager', 'company': 'Innovative AI Solutions', 'location': 'Chicago, IL', 'responsibilities': ['Lead the development and implementation of AI-powered products.', 'Collaborate with data scientists, engineers, and stakeholders to define product requirements.', 'Manage the product lifecycle from concept to launch, ensuring alignment with business goals.', 'Conduct market research and competitive analysis to identify opportunities for AI solutions.', 'Create product roadmaps and prioritize features based on customer needs and business impact.', 'Communicate product vision and strategy to cross-functional teams and stakeholders.'], 'required_skills': ['Product Management', 'AI/ML', 'Project Management', 'Market Research', 'Communication'], 'preferred_skills': ['Data Analysis', 'UX/UI Design', 'Business Strategy'], 'experience': '5+ years', 'education': ""Bachelor's degree in Business, Engineering, or related field""}","{'contact_information': {'name': 'Olivia Davis', 'email': 'olivia.davis@example.com', 'phone': '555-6789'}, 'summary': 'AI Product Manager with 6+ years of experience in leading the development and implementation of AI-powered products. Skilled in product management, AI/ML, and project management.', 'experience': [{'job_title': 'AI Product Manager', 'company': 'Innovative AI Solutions', 'location': 'Chicago, IL', 'duration': '2018-2023', 'responsibilities': ['Led the development and implementation of AI-powered products, resulting in a 30% increase in revenue.', 'Collaborated with data scientists, engineers, and stakeholders to define product requirements and ensure successful delivery.', 'Managed the product lifecycle from concept to launch, ensuring alignment with business goals and customer needs.', 'Conducted market research and competitive analysis to identify opportunities for AI solutions.', 'Created product roadmaps and prioritized features based on customer needs and business impact.', 'Communicated product vision and strategy to cross-functional teams and stakeholders, driving product success.']}, {'job_title': 'Product Manager', 'company': 'Tech Innovators Inc.', 'location': 'New York, NY', 'duration': '2015-2018', 'responsibilities': ['Managed the development and launch of technology products, achieving high customer satisfaction.', 'Collaborated with cross-functional teams to define product requirements and deliver solutions on time.', 'Conducted market research to understand customer needs and identify market trends.', 'Created and maintained product roadmaps, ensuring alignment with business strategy.', 'Communicated product vision and strategy to stakeholders, ensuring buy-in and support.']}], 'education': [{'degree': ""Bachelor's degree in Business Administration"", 'institution': 'University of Chicago', 'graduation_year': 2015}], 'skills': ['Product Management', 'AI/ML', 'Project Management', 'Market Research', 'Communication', 'Data Analysis', 'UX/UI Design', 'Business Strategy'], 'certifications': ['Certified AI Product Manager'], 'projects': [{'name': 'AI-Powered Customer Insights', 'description': 'Led the development of an AI-powered product for customer insights, increasing customer satisfaction by 20%.'}]}"
"{'job_title': 'Data Science Manager', 'company': 'Retail Analytics Inc.', 'location': 'Atlanta, GA', 'responsibilities': ['Lead a team of data scientists to develop and implement advanced analytics solutions.', 'Collaborate with cross-functional teams to identify business problems and design data-driven solutions.', 'Ensure the quality and accuracy of data analysis and model development.', 'Oversee the deployment of machine learning models into production environments.', 'Mentor and develop team members, fostering a culture of continuous learning and innovation.', 'Communicate analytical insights and recommendations to senior management.'], 'required_skills': ['Data Science', 'Team Leadership', 'Machine Learning', 'Python', 'SQL'], 'preferred_skills': ['Retail Analytics', 'Big Data Technologies', 'Data Visualization'], 'experience': '6+ years', 'education': ""Master's degree in Data Science, Statistics, or related field""}","{'contact_information': {'name': 'William Taylor', 'email': 'william.taylor@example.com', 'phone': '555-7890'}, 'summary': 'Data Science Manager with 7+ years of experience in leading data science teams and developing advanced analytics solutions. Proficient in Python, SQL, and machine learning.', 'experience': [{'job_title': 'Data Science Manager', 'company': 'Retail Analytics Inc.', 'location': 'Atlanta, GA', 'duration': '2019-2023', 'responsibilities': ['Led a team of data scientists to develop advanced analytics solutions, improving sales forecasting accuracy by 25%.', 'Collaborated with cross-functional teams to identify business problems and design data-driven solutions.', 'Ensured the quality and accuracy of data analysis and model development, maintaining high standards.', 'Oversaw the deployment of machine learning models into production environments, ensuring seamless integration.', 'Mentored and developed team members, fostering a culture of continuous learning and innovation.', 'Communicated analytical insights and recommendations to senior management, driving strategic decisions.']}, {'job_title': 'Senior Data Scientist', 'company': 'E-Commerce Solutions', 'location': 'San Diego, CA', 'duration': '2015-2019', 'responsibilities': ['Developed machine learning models for customer behavior analysis, increasing retention rates by 15%.', 'Collaborated with cross-functional teams to implement data-driven solutions for business problems.', 'Conducted data analysis and model development using Python and SQL.', 'Presented analytical insights and recommendations to stakeholders, driving business growth.', 'Mentored junior data scientists, supporting their professional development.']}], 'education': [{'degree': ""Master's degree in Data Science"", 'institution': 'Georgia Institute of Technology', 'graduation_year': 2015}], 'skills': ['Data Science', 'Team Leadership', 'Machine Learning', 'Python', 'SQL', 'Retail Analytics', 'Big Data Technologies', 'Data Visualization'], 'certifications': ['Certified Data Science Manager'], 'projects': [{'name': 'Retail Sales Forecasting', 'description': 'Led the development of machine learning models for retail sales forecasting, improving accuracy by 25%.'}]}"
